{"1zni_ChainA_ILE2" : [-61.876720, -31.848242, "General"] ,"1zni_ChainA_VAL3" : [-69.040887, -37.726164, "General"] ,"1zni_ChainA_GLU4" : [-68.513209, -35.068778, "General"] ,"1zni_ChainA_GLN5" : [-84.386873, -35.525445, "General"] ,"1zni_ChainA_CYS6" : [-118.161914, 12.089085, "General"] ,"1zni_ChainA_CYS7" : [-100.907020, -30.349365, "General"] ,"1zni_ChainA_THR8" : [-92.320318, -15.727752, "General"] ,"1zni_ChainA_SER9" : [-143.038220, 158.385939, "General"] ,"1zni_ChainA_ILE10" : [-84.721190, 146.239326, "General"] ,"1zni_ChainA_CYS11" : [-107.834874, 129.463839, "General"] ,"1zni_ChainA_SER12" : [-74.843473, 175.553761, "General"] ,"1zni_ChainA_LEU13" : [-64.267924, -32.026004, "General"] ,"1zni_ChainA_TYR14" : [-71.102185, -33.454095, "General"] ,"1zni_ChainA_GLN15" : [-70.574584, -39.306704, "General"] ,"1zni_ChainA_LEU16" : [-76.729565, -17.941404, "General"] ,"1zni_ChainA_GLU17" : [-65.166807, -16.720996, "General"] ,"1zni_ChainA_ASN18" : [-61.912083, -24.379690, "General"] ,"1zni_ChainA_TYR19" : [-99.279550, -0.980956, "General"] ,"1zni_ChainA_CYS20" : [-71.953377, 158.166533, "General"] ,"1zni_ChainB_VAL2" : [-90.615781, 126.003524, "General"] ,"1zni_ChainB_ASN3" : [-85.568617, 97.338514, "General"] ,"1zni_ChainB_GLN4" : [-63.059721, -33.743024, "General"] ,"1zni_ChainB_HIS5" : [-66.488745, -40.638125, "General"] ,"1zni_ChainB_LEU6" : [-71.660891, -37.352021, "General"] ,"1zni_ChainB_CYS7" : [-63.488472, -36.494113, "General"] ,"1zni_ChainB_GLY8" : [-66.946144, -35.985560, "Glycine"] ,"1zni_ChainB_SER9" : [-59.112258, -43.573363, "General"] ,"1zni_ChainB_HIS10" : [-69.961836, -36.557367, "General"] ,"1zni_ChainB_LEU11" : [-68.181342, -33.989135, "General"] ,"1zni_ChainB_VAL12" : [-70.147163, -34.686138, "General"] ,"1zni_ChainB_GLU13" : [-70.065400, -27.856546, "General"] ,"1zni_ChainB_ALA14" : [-73.317147, -37.821198, "General"] ,"1zni_ChainB_LEU15" : [-63.106730, -38.136153, "General"] ,"1zni_ChainB_TYR16" : [-56.391763, -41.760860, "General"] ,"1zni_ChainB_LEU17" : [-74.656142, -38.784837, "General"] ,"1zni_ChainB_VAL18" : [-77.055301, -37.440042, "General"] ,"1zni_ChainB_CYS19" : [-85.266702, -23.985584, "General"] ,"1zni_ChainB_GLY20" : [57.253760, -128.439473, "Glycine"] ,"1zni_ChainB_GLU21" : [-74.162216, -14.390703, "General"] ,"1zni_ChainB_ARG22" : [-67.140816, -28.994256, "General"] ,"1zni_ChainB_GLY23" : [73.345806, -179.415481, "Glycine"] ,"1zni_ChainB_PHE24" : [-163.344366, 156.488994, "General"] ,"1zni_ChainB_PHE25" : [-106.599197, 134.470202, "General"] ,"1zni_ChainB_TYR26" : [-121.139314, 117.855010, "General"] ,"1zni_ChainB_THR27" : [-130.033647, 109.232325, "Pre-Pro"] ,"1zni_ChainB_PRO28" : [-52.171165, -60.618500, "Proline"] ,"1zni_ChainB_LYS29" : [-42.919608, 102.837491, "General"] ,"1zni_ChainC_ILE2" : [-64.403723, -38.262905, "General"] ,"1zni_ChainC_VAL3" : [-65.846390, -47.316456, "General"] ,"1zni_ChainC_GLU4" : [-67.421574, -35.278331, "General"] ,"1zni_ChainC_GLN5" : [-76.798136, -43.672103, "General"] ,"1zni_ChainC_CYS6" : [-112.380256, -12.792252, "General"] ,"1zni_ChainC_CYS7" : [-104.768455, -49.304221, "General"] ,"1zni_ChainC_THR8" : [-76.256922, -32.532829, "General"] ,"1zni_ChainC_SER9" : [-120.269484, -169.907048, "General"] ,"1zni_ChainC_ILE10" : [-115.941422, 137.627653, "General"] ,"1zni_ChainC_CYS11" : [-97.927209, 133.424297, "General"] ,"1zni_ChainC_SER12" : [-82.581927, 171.138632, "General"] ,"1zni_ChainC_LEU13" : [-55.618429, -40.070615, "General"] ,"1zni_ChainC_TYR14" : [-71.227080, -32.611232, "General"] ,"1zni_ChainC_GLN15" : [-70.676493, -31.843399, "General"] ,"1zni_ChainC_LEU16" : [-68.398562, -30.691840, "General"] ,"1zni_ChainC_GLU17" : [-68.091100, -9.973892, "General"] ,"1zni_ChainC_ASN18" : [-69.647566, -14.246634, "General"] ,"1zni_ChainC_TYR19" : [-101.927183, 11.507389, "General"] ,"1zni_ChainC_CYS20" : [-82.038127, 149.648983, "General"] ,"1zni_ChainD_VAL2" : [-63.456542, 153.633452, "General"] ,"1zni_ChainD_ASN3" : [-124.674916, 84.792788, "General"] ,"1zni_ChainD_GLN4" : [-156.375739, 164.361246, "General"] ,"1zni_ChainD_HIS5" : [-72.859624, 130.521005, "General"] ,"1zni_ChainD_LEU6" : [-119.117686, 118.090214, "General"] ,"1zni_ChainD_CYS7" : [-135.437420, 156.834758, "General"] ,"1zni_ChainD_GLY8" : [62.022047, -135.800452, "Glycine"] ,"1zni_ChainD_SER9" : [-67.578146, -31.002818, "General"] ,"1zni_ChainD_HIS10" : [-66.515910, -28.982351, "General"] ,"1zni_ChainD_LEU11" : [-71.164114, -43.089869, "General"] ,"1zni_ChainD_VAL12" : [-60.668265, -38.534808, "General"] ,"1zni_ChainD_GLU13" : [-69.857207, -35.118880, "General"] ,"1zni_ChainD_ALA14" : [-64.169510, -39.361498, "General"] ,"1zni_ChainD_LEU15" : [-69.454544, -29.796932, "General"] ,"1zni_ChainD_TYR16" : [-65.786366, -40.770818, "General"] ,"1zni_ChainD_LEU17" : [-70.987989, -47.045047, "General"] ,"1zni_ChainD_VAL18" : [-73.068564, -34.023964, "General"] ,"1zni_ChainD_CYS19" : [-83.318050, -26.018754, "General"] ,"1zni_ChainD_GLY20" : [63.627530, -140.007553, "Glycine"] ,"1zni_ChainD_GLU21" : [-63.619527, -22.784592, "General"] ,"1zni_ChainD_ARG22" : [-60.582552, -40.260515, "General"] ,"1zni_ChainD_GLY23" : [82.515021, -179.729540, "Glycine"] ,"1zni_ChainD_PHE24" : [-155.417471, 169.921334, "General"] ,"1zni_ChainD_PHE25" : [-126.759713, 138.996744, "General"] ,"1zni_ChainD_TYR26" : [-116.823598, 105.984613, "General"] ,"1zni_ChainD_THR27" : [-131.898245, 86.295737, "Pre-Pro"] ,"1zni_ChainD_PRO28" : [-70.955677, -14.479034, "Proline"] ,"1zni_ChainD_LYS29" : [-88.178815, -15.192763, "General"]}
