{"2hdd_ChainA_THR6" : [-56.814187, 156.476606, "General"] ,"2hdd_ChainA_ALA7" : [-122.023007, 109.924412, "General"] ,"2hdd_ChainA_PHE8" : [-64.563601, 141.643911, "General"] ,"2hdd_ChainA_SER9" : [-78.198895, 150.342678, "General"] ,"2hdd_ChainA_SER10" : [-60.713987, -17.645634, "General"] ,"2hdd_ChainA_GLU11" : [-74.650010, -39.481465, "General"] ,"2hdd_ChainA_GLN12" : [-72.476710, -47.524031, "General"] ,"2hdd_ChainA_LEU13" : [-57.216662, -36.553303, "General"] ,"2hdd_ChainA_ALA14" : [-70.108450, -34.604203, "General"] ,"2hdd_ChainA_ARG15" : [-75.583768, -39.403901, "General"] ,"2hdd_ChainA_LEU16" : [-63.437147, -44.307357, "General"] ,"2hdd_ChainA_LYS17" : [-64.207939, -40.690497, "General"] ,"2hdd_ChainA_ARG18" : [-65.508722, -37.310057, "General"] ,"2hdd_ChainA_GLU19" : [-71.469302, -42.554418, "General"] ,"2hdd_ChainA_PHE20" : [-59.232138, -39.558660, "General"] ,"2hdd_ChainA_ASN21" : [-65.603133, -36.032748, "General"] ,"2hdd_ChainA_GLU22" : [-74.170209, -42.784278, "General"] ,"2hdd_ChainA_ASN23" : [-150.931756, 110.742194, "General"] ,"2hdd_ChainA_ARG24" : [-75.139293, -7.704042, "General"] ,"2hdd_ChainA_TYR25" : [-122.117855, 129.729480, "General"] ,"2hdd_ChainA_LEU26" : [-84.165725, 146.566130, "General"] ,"2hdd_ChainA_THR27" : [-100.184891, 163.935456, "General"] ,"2hdd_ChainA_GLU28" : [-60.508417, -41.434209, "General"] ,"2hdd_ChainA_ARG29" : [-63.750012, -46.858946, "General"] ,"2hdd_ChainA_ARG30" : [-66.217844, -39.883283, "General"] ,"2hdd_ChainA_ARG31" : [-59.229451, -38.931563, "General"] ,"2hdd_ChainA_GLN32" : [-66.893088, -44.560058, "General"] ,"2hdd_ChainA_GLN33" : [-66.632328, -38.521192, "General"] ,"2hdd_ChainA_LEU34" : [-67.867969, -39.928572, "General"] ,"2hdd_ChainA_SER35" : [-57.680472, -50.170159, "General"] ,"2hdd_ChainA_SER36" : [-59.147481, -62.996018, "General"] ,"2hdd_ChainA_GLU37" : [-57.530942, -35.040367, "General"] ,"2hdd_ChainA_LEU38" : [-93.269130, -10.396178, "General"] ,"2hdd_ChainA_GLY39" : [68.659340, 49.185745, "Glycine"] ,"2hdd_ChainA_LEU40" : [-134.639444, 163.673490, "General"] ,"2hdd_ChainA_ASN41" : [-77.918147, 148.175625, "General"] ,"2hdd_ChainA_GLU42" : [-58.919559, -29.201866, "General"] ,"2hdd_ChainA_ALA43" : [-67.149070, -33.474524, "General"] ,"2hdd_ChainA_GLN44" : [-71.195770, -37.635662, "General"] ,"2hdd_ChainA_ILE45" : [-63.972102, -48.951807, "General"] ,"2hdd_ChainA_LYS46" : [-55.099242, -47.671592, "General"] ,"2hdd_ChainA_ILE47" : [-70.518999, -30.365223, "General"] ,"2hdd_ChainA_TRP48" : [-71.778155, -42.863751, "General"] ,"2hdd_ChainA_PHE49" : [-64.267001, -39.369620, "General"] ,"2hdd_ChainA_LYS50" : [-62.290100, -46.718297, "General"] ,"2hdd_ChainA_ASN51" : [-70.295553, -34.166173, "General"] ,"2hdd_ChainA_LYS52" : [-64.305595, -49.566822, "General"] ,"2hdd_ChainA_ARG53" : [-53.593200, -42.442751, "General"] ,"2hdd_ChainA_ALA54" : [-67.604824, -36.551539, "General"] ,"2hdd_ChainA_LYS55" : [-65.255370, -49.538547, "General"] ,"2hdd_ChainA_ILE56" : [-59.031318, -34.391672, "General"] ,"2hdd_ChainA_LYS57" : [-60.143337, -34.460089, "General"] ,"2hdd_ChainA_LYS58" : [-101.496063, 51.261305, "General"] ,"2hdd_ChainB_ARG3" : [47.552908, 105.995619, "Pre-Pro"] ,"2hdd_ChainB_PRO4" : [-65.063987, 145.855625, "Proline"] ,"2hdd_ChainB_ARG5" : [-69.370874, 160.592609, "General"] ,"2hdd_ChainB_THR6" : [-145.337245, 142.686875, "General"] ,"2hdd_ChainB_ALA7" : [-92.048240, 125.165820, "General"] ,"2hdd_ChainB_PHE8" : [-80.577298, 138.725441, "General"] ,"2hdd_ChainB_SER9" : [-72.526370, 170.386811, "General"] ,"2hdd_ChainB_SER10" : [-66.791804, -34.144425, "General"] ,"2hdd_ChainB_GLU11" : [-74.936717, -31.808778, "General"] ,"2hdd_ChainB_GLN12" : [-60.717385, -59.694888, "General"] ,"2hdd_ChainB_LEU13" : [-57.804085, -39.439659, "General"] ,"2hdd_ChainB_ALA14" : [-60.695050, -45.035068, "General"] ,"2hdd_ChainB_ARG15" : [-66.930773, -39.017305, "General"] ,"2hdd_ChainB_LEU16" : [-69.869021, -35.201533, "General"] ,"2hdd_ChainB_LYS17" : [-73.567920, -35.868529, "General"] ,"2hdd_ChainB_ARG18" : [-63.412458, -41.221187, "General"] ,"2hdd_ChainB_GLU19" : [-69.271336, -48.271073, "General"] ,"2hdd_ChainB_PHE20" : [-58.848903, -26.023629, "General"] ,"2hdd_ChainB_ASN21" : [-69.309981, -28.099582, "General"] ,"2hdd_ChainB_GLU22" : [-88.100827, -41.932559, "General"] ,"2hdd_ChainB_ASN23" : [-152.892167, 124.167373, "General"] ,"2hdd_ChainB_ARG24" : [-73.862461, -4.713814, "General"] ,"2hdd_ChainB_TYR25" : [-122.712876, 143.683513, "General"] ,"2hdd_ChainB_LEU26" : [-113.353059, 136.097769, "General"] ,"2hdd_ChainB_THR27" : [-87.675810, 160.416994, "General"] ,"2hdd_ChainB_GLU28" : [-63.553791, -27.978303, "General"] ,"2hdd_ChainB_ARG29" : [-65.212448, -56.579536, "General"] ,"2hdd_ChainB_ARG30" : [-65.249921, -35.858679, "General"] ,"2hdd_ChainB_ARG31" : [-62.374991, -39.066631, "General"] ,"2hdd_ChainB_GLN32" : [-65.511727, -45.346526, "General"] ,"2hdd_ChainB_GLN33" : [-53.414762, -65.832986, "General"] ,"2hdd_ChainB_LEU34" : [-51.165836, -34.232167, "General"] ,"2hdd_ChainB_SER35" : [-64.879862, -40.944564, "General"] ,"2hdd_ChainB_SER36" : [-73.197845, -41.093902, "General"] ,"2hdd_ChainB_GLU37" : [-69.016434, -37.170236, "General"] ,"2hdd_ChainB_LEU38" : [-93.331518, -15.524805, "General"] ,"2hdd_ChainB_GLY39" : [72.643703, 34.184423, "Glycine"] ,"2hdd_ChainB_LEU40" : [-116.128873, 135.442012, "General"] ,"2hdd_ChainB_ASN41" : [-62.317674, 139.698923, "General"] ,"2hdd_ChainB_GLU42" : [-54.186495, -35.404655, "General"] ,"2hdd_ChainB_ALA43" : [-63.682304, -38.715773, "General"] ,"2hdd_ChainB_GLN44" : [-64.279293, -38.376532, "General"] ,"2hdd_ChainB_ILE45" : [-68.453010, -42.076684, "General"] ,"2hdd_ChainB_LYS46" : [-61.140189, -45.879943, "General"] ,"2hdd_ChainB_ILE47" : [-68.915871, -34.209053, "General"] ,"2hdd_ChainB_TRP48" : [-63.140918, -43.181207, "General"] ,"2hdd_ChainB_PHE49" : [-65.927981, -40.238733, "General"] ,"2hdd_ChainB_LYS50" : [-61.020496, -53.960207, "General"] ,"2hdd_ChainB_ASN51" : [-62.260934, -43.664359, "General"] ,"2hdd_ChainB_LYS52" : [-61.748923, -37.132850, "General"] ,"2hdd_ChainB_ARG53" : [-63.578568, -34.214076, "General"] ,"2hdd_ChainB_ALA54" : [-74.168513, -41.278442, "General"] ,"2hdd_ChainB_LYS55" : [-64.067388, -48.184463, "General"] ,"2hdd_ChainB_ILE56" : [-61.398519, -31.648164, "General"]}