{"2hkk_ChainA_TRP5" : [-63.745464, 150.414826, "General"] ,"2hkk_ChainA_GLY6" : [-157.644937, -148.747457, "Glycine"] ,"2hkk_ChainA_TYR7" : [-122.734187, 10.367114, "General"] ,"2hkk_ChainA_GLY8" : [-82.676404, -179.924719, "Glycine"] ,"2hkk_ChainA_LYS9" : [-58.288022, -35.054032, "General"] ,"2hkk_ChainA_HIS10" : [-102.511545, -9.269221, "General"] ,"2hkk_ChainA_ASN11" : [-137.801936, 13.051303, "General"] ,"2hkk_ChainA_GLY12" : [-80.791976, -176.066633, "Glycine"] ,"2hkk_ChainA_PRO13" : [-44.313083, -32.339475, "Proline"] ,"2hkk_ChainA_GLU14" : [-70.920407, -17.326739, "General"] ,"2hkk_ChainA_HIS15" : [-101.153032, -15.538180, "General"] ,"2hkk_ChainA_TRP16" : [-59.983826, -32.248250, "General"] ,"2hkk_ChainA_HIS17" : [-59.737059, -26.542951, "General"] ,"2hkk_ChainA_LYS18" : [-64.777967, -47.430931, "General"] ,"2hkk_ChainA_ASP19" : [-83.755644, -28.156753, "General"] ,"2hkk_ChainA_PHE20" : [-129.426047, 82.261245, "Pre-Pro"] ,"2hkk_ChainA_PRO21" : [-53.413261, -26.046304, "Proline"] ,"2hkk_ChainA_ILE22" : [-61.825009, -12.144739, "General"] ,"2hkk_ChainA_ALA23" : [-53.311786, -29.344510, "General"] ,"2hkk_ChainA_LYS24" : [-103.091709, 22.281930, "General"] ,"2hkk_ChainA_GLY25" : [-74.581046, -168.478652, "Glycine"] ,"2hkk_ChainA_GLU26" : [-93.006138, -13.371114, "General"] ,"2hkk_ChainA_ARG27" : [-140.359782, 56.235597, "General"] ,"2hkk_ChainA_GLN28" : [-84.683047, 151.332558, "General"] ,"2hkk_ChainA_SER29" : [-124.237689, 158.658815, "Pre-Pro"] ,"2hkk_ChainA_PRO30" : [-79.613961, 179.970342, "Proline"] ,"2hkk_ChainA_VAL31" : [-138.442364, 161.675872, "General"] ,"2hkk_ChainA_ASP32" : [-78.915949, 132.954636, "General"] ,"2hkk_ChainA_ILE33" : [-94.822129, 104.075829, "General"] ,"2hkk_ChainA_ASP34" : [-84.045176, 105.629970, "General"] ,"2hkk_ChainA_THR35" : [-60.343056, -26.829724, "General"] ,"2hkk_ChainA_HIS36" : [-89.085531, -3.367578, "General"] ,"2hkk_ChainA_THR37" : [-108.026973, -27.575246, "General"] ,"2hkk_ChainA_ALA38" : [-68.653810, 139.026122, "General"] ,"2hkk_ChainA_LYS39" : [-110.338467, 136.309027, "General"] ,"2hkk_ChainA_TYR40" : [-58.665540, 131.287433, "General"] ,"2hkk_ChainA_ASP41" : [-115.195004, 107.337200, "Pre-Pro"] ,"2hkk_ChainA_PRO42" : [-70.201238, -18.408280, "Proline"] ,"2hkk_ChainA_SER43" : [-81.817678, -1.912939, "General"] ,"2hkk_ChainA_LEU44" : [-76.351555, 125.563336, "General"] ,"2hkk_ChainA_LYS45" : [-73.389791, 159.347332, "Pre-Pro"] ,"2hkk_ChainA_PRO46" : [-61.824091, 145.323778, "Proline"] ,"2hkk_ChainA_LEU47" : [-76.792850, 136.882577, "General"] ,"2hkk_ChainA_SER48" : [-120.262567, 110.545912, "General"] ,"2hkk_ChainA_VAL49" : [-109.364354, 106.350729, "General"] ,"2hkk_ChainA_SER50" : [-114.785243, 89.661729, "General"] ,"2hkk_ChainA_TYR51" : [-109.390315, 9.377312, "General"] ,"2hkk_ChainA_ASP52" : [-55.418234, -42.233525, "General"] ,"2hkk_ChainA_GLN53" : [-97.510091, 17.200653, "General"] ,"2hkk_ChainA_ALA54" : [-59.262713, 135.770148, "General"] ,"2hkk_ChainA_THR55" : [-121.985522, 95.927189, "General"] ,"2hkk_ChainA_SER56" : [-73.211128, 151.745805, "General"] ,"2hkk_ChainA_LEU57" : [-121.424341, -47.617701, "General"] ,"2hkk_ChainA_ARG58" : [-163.309351, 165.293752, "General"] ,"2hkk_ChainA_ILE59" : [-117.788087, 134.735180, "General"] ,"2hkk_ChainA_LEU60" : [-131.459092, 129.457613, "General"] ,"2hkk_ChainA_ASN61" : [-85.097416, 115.190553, "General"] ,"2hkk_ChainA_ASN62" : [-103.895551, 14.293541, "General"] ,"2hkk_ChainA_GLY63" : [84.749452, -2.564637, "Glycine"] ,"2hkk_ChainA_HIS64" : [-129.052573, -34.153992, "General"] ,"2hkk_ChainA_ALA65" : [-159.118465, -170.193355, "General"] ,"2hkk_ChainA_PHE66" : [-117.243545, 135.014487, "General"] ,"2hkk_ChainA_ASN67" : [-105.180020, 127.081511, "General"] ,"2hkk_ChainA_VAL68" : [-92.502584, 115.611589, "General"] ,"2hkk_ChainA_GLU69" : [-98.256087, 149.568092, "General"] ,"2hkk_ChainA_PHE70" : [-123.630804, 154.099235, "General"] ,"2hkk_ChainA_ASP71" : [-75.766648, 115.334674, "General"] ,"2hkk_ChainA_ASP72" : [-113.073120, 17.710960, "General"] ,"2hkk_ChainA_SER73" : [-74.912039, -1.035663, "General"] ,"2hkk_ChainA_GLN74" : [-162.706804, 166.858473, "General"] ,"2hkk_ChainA_ASP75" : [-69.642206, 99.339083, "General"] ,"2hkk_ChainA_LYS76" : [-121.484747, -85.348335, "General"] ,"2hkk_ChainA_ALA77" : [-84.431255, 110.075631, "General"] ,"2hkk_ChainA_VAL78" : [-130.030777, 146.699717, "General"] ,"2hkk_ChainA_LEU79" : [-113.145186, 127.051862, "General"] ,"2hkk_ChainA_LYS80" : [-143.479413, 176.855887, "General"] ,"2hkk_ChainA_GLY81" : [75.416296, -163.412001, "Glycine"] ,"2hkk_ChainA_GLY82" : [55.681917, -129.434451, "Glycine"] ,"2hkk_ChainA_PRO83" : [-81.016377, -2.258657, "Proline"] ,"2hkk_ChainA_LEU84" : [-90.101375, 143.339029, "General"] ,"2hkk_ChainA_ASP85" : [-109.997028, 127.269306, "General"] ,"2hkk_ChainA_GLY86" : [84.442994, -153.887961, "Glycine"] ,"2hkk_ChainA_THR87" : [-120.238552, 133.735027, "General"] ,"2hkk_ChainA_TYR88" : [-118.762539, 124.501163, "General"] ,"2hkk_ChainA_ARG89" : [-91.038434, 131.033810, "General"] ,"2hkk_ChainA_LEU90" : [-61.453713, 124.489974, "General"] ,"2hkk_ChainA_ILE91" : [-110.859393, -38.813302, "General"] ,"2hkk_ChainA_GLN92" : [-161.075794, 161.909245, "General"] ,"2hkk_ChainA_PHE93" : [-132.073574, 154.795758, "General"] ,"2hkk_ChainA_HIS94" : [-153.226413, 173.814517, "General"] ,"2hkk_ChainA_PHE95" : [-125.295175, 163.262213, "General"] ,"2hkk_ChainA_HIS96" : [-124.593707, 137.230740, "General"] ,"2hkk_ChainA_TRP97" : [-146.999245, 170.542829, "General"] ,"2hkk_ChainA_GLY98" : [-106.379006, 177.954071, "Glycine"] ,"2hkk_ChainA_SER99" : [-86.703734, -18.477902, "General"] ,"2hkk_ChainA_LEU100" : [-134.218919, 157.173627, "General"] ,"2hkk_ChainA_ASP101" : [-60.703406, -26.811047, "General"] ,"2hkk_ChainA_GLY102" : [-79.017134, 5.719671, "Glycine"] ,"2hkk_ChainA_GLN103" : [-154.567525, 161.925344, "General"] ,"2hkk_ChainA_GLY104" : [146.115638, -37.085900, "Glycine"] ,"2hkk_ChainA_SER105" : [-74.041757, 157.496242, "General"] ,"2hkk_ChainA_GLU106" : [-94.649582, -56.431648, "General"] ,"2hkk_ChainA_HIS107" : [-69.587669, 150.050367, "General"] ,"2hkk_ChainA_THR108" : [-126.491002, 157.156087, "General"] ,"2hkk_ChainA_VAL109" : [-119.920975, 109.601645, "General"] ,"2hkk_ChainA_ASP110" : [48.473533, 48.338687, "General"] ,"2hkk_ChainA_LYS111" : [71.054180, -3.436484, "General"] ,"2hkk_ChainA_LYS112" : [-72.300652, 126.723750, "General"] ,"2hkk_ChainA_LYS113" : [-95.955920, 131.550799, "General"] ,"2hkk_ChainA_TYR114" : [-91.433512, 168.325336, "General"] ,"2hkk_ChainA_ALA115" : [-69.268290, -28.254727, "General"] ,"2hkk_ChainA_ALA116" : [-160.067278, 176.257886, "General"] ,"2hkk_ChainA_GLU117" : [-148.750756, 129.571427, "General"] ,"2hkk_ChainA_LEU118" : [-96.411965, 131.146874, "General"] ,"2hkk_ChainA_HIS119" : [-117.167392, 116.941236, "General"] ,"2hkk_ChainA_LEU120" : [-101.093159, 113.509368, "General"] ,"2hkk_ChainA_VAL121" : [-100.839730, 128.801903, "General"] ,"2hkk_ChainA_HIS122" : [-130.001041, 143.351857, "General"] ,"2hkk_ChainA_TRP123" : [-114.954413, 142.760923, "General"] ,"2hkk_ChainA_ASN124" : [-62.716308, 115.616422, "General"] ,"2hkk_ChainA_THR125" : [-62.727733, -15.809958, "General"] ,"2hkk_ChainA_LYS126" : [-63.729781, -20.383228, "General"] ,"2hkk_ChainA_TYR127" : [-101.597739, 3.333830, "General"] ,"2hkk_ChainA_GLY128" : [83.509797, -45.073687, "Glycine"] ,"2hkk_ChainA_ASP129" : [-153.464598, 169.913818, "General"] ,"2hkk_ChainA_PHE130" : [-56.938605, -46.849634, "General"] ,"2hkk_ChainA_GLY131" : [-56.334782, -40.163201, "Glycine"] ,"2hkk_ChainA_LYS132" : [-77.181547, -33.347283, "General"] ,"2hkk_ChainA_ALA133" : [-62.047672, -38.562744, "General"] ,"2hkk_ChainA_VAL134" : [-74.546036, 11.679916, "General"] ,"2hkk_ChainA_GLN135" : [-109.934080, 7.867378, "General"] ,"2hkk_ChainA_GLN136" : [-122.489972, 145.490069, "Pre-Pro"] ,"2hkk_ChainA_PRO137" : [-66.940291, -26.100450, "Proline"] ,"2hkk_ChainA_ASP138" : [-114.872095, 33.013172, "General"] ,